{
  "model": "densenet",
  "config_name": "wing_lr5e-05_h512_do0.2_medium_plateau",
  "mae_per_part": {
    "left_eye": {
      "x": 0.013623935170471668,
      "y": 0.018861962482333183,
      "total": 0.023267686367034912
    },
    "right_eye": {
      "x": 0.010968809947371483,
      "y": 0.01407775841653347,
      "total": 0.01784651353955269
    },
    "beak": {
      "x": 0.014137805439531803,
      "y": 0.017339831218123436,
      "total": 0.022372914478182793
    }
  },
  "pck_at_thresholds": {
    "left_eye": {
      "pck@0.05": 96.44760489463806,
      "pck@0.1": 99.40793514251709,
      "pck@0.15": 100.0,
      "pck@0.2": 100.0
    },
    "right_eye": {
      "pck@0.05": 97.02479243278503,
      "pck@0.1": 99.61432218551636,
      "pck@0.15": 99.94490146636963,
      "pck@0.2": 99.94490146636963
    },
    "beak": {
      "pck@0.05": 95.03123164176941,
      "pck@0.1": 98.77910017967224,
      "pck@0.15": 99.46053624153137,
      "pck@0.2": 99.74446296691895
    }
  },
  "vis_accuracy": 97.70992398262024,
  "avg_mae": 0.02116237146159013,
  "avg_mae_x": 0.012910183519124985,
  "avg_mae_y": 0.016759850705663364,
  "avg_pck_01": 99.26711916923523,
  "beak_mae_x": 0.014137805439531803,
  "beak_mae_y": 0.017339831218123436,
  "training_epochs": 26,
  "loss_function": "wing",
  "learning_rate": 5e-05,
  "weight_decay": 0.0,
  "hidden_dim": 512,
  "dropout": 0.2,
  "augmentation": "medium"
}