{
  "model": "densenet",
  "config_name": "wing_lr5e-05_h512_do0.2_heavy_plateau",
  "mae_per_part": {
    "left_eye": {
      "x": 0.016604607924818993,
      "y": 0.012745975516736507,
      "total": 0.020932579413056374
    },
    "right_eye": {
      "x": 0.014249499887228012,
      "y": 0.016847627237439156,
      "total": 0.022065602242946625
    },
    "beak": {
      "x": 0.014686181209981441,
      "y": 0.017221994698047638,
      "total": 0.02263362519443035
    }
  },
  "pck_at_thresholds": {
    "left_eye": {
      "pck@0.05": 96.37638926506042,
      "pck@0.1": 99.5908796787262,
      "pck@0.15": 100.0,
      "pck@0.2": 100.0
    },
    "right_eye": {
      "pck@0.05": 95.82417607307434,
      "pck@0.1": 99.28571581840515,
      "pck@0.15": 99.89010691642761,
      "pck@0.2": 99.89010691642761
    },
    "beak": {
      "pck@0.05": 94.09090876579285,
      "pck@0.1": 98.89204502105713,
      "pck@0.15": 99.46022629737854,
      "pck@0.2": 99.77272748947144
    }
  },
  "vis_accuracy": 97.91725277900696,
  "avg_mae": 0.02187726895014445,
  "avg_mae_x": 0.01518009634067615,
  "avg_mae_y": 0.0156051991507411,
  "avg_pck_01": 99.25621350606282,
  "beak_mae_x": 0.014686181209981441,
  "beak_mae_y": 0.017221994698047638,
  "training_epochs": 24,
  "loss_function": "wing",
  "learning_rate": 5e-05,
  "weight_decay": 0.0,
  "hidden_dim": 512,
  "dropout": 0.2,
  "augmentation": "heavy"
}