{
  "model": "resnet50",
  "config_name": "wing_lr5e-05_h512_do0.2_heavy_plateau",
  "mae_per_part": {
    "left_eye": {
      "x": 0.014958457089960575,
      "y": 0.013002860359847546,
      "total": 0.01981993578374386
    },
    "right_eye": {
      "x": 0.012688803486526012,
      "y": 0.015812180936336517,
      "total": 0.02027389407157898
    },
    "beak": {
      "x": 0.014236110262572765,
      "y": 0.01838446408510208,
      "total": 0.02325199730694294
    }
  },
  "pck_at_thresholds": {
    "left_eye": {
      "pck@0.05": 97.70318269729614,
      "pck@0.1": 99.7644305229187,
      "pck@0.15": 99.88221526145935,
      "pck@0.2": 99.94110465049744
    },
    "right_eye": {
      "pck@0.05": 97.71077632904053,
      "pck@0.1": 99.60915446281433,
      "pck@0.15": 99.83249306678772,
      "pck@0.2": 100.0
    },
    "beak": {
      "pck@0.05": 95.00141739845276,
      "pck@0.1": 99.00596141815186,
      "pck@0.15": 99.40357804298401,
      "pck@0.2": 99.77279305458069
    }
  },
  "vis_accuracy": 97.61568307876587,
  "avg_mae": 0.02111527572075526,
  "avg_mae_x": 0.013961123613019785,
  "avg_mae_y": 0.015733168460428715,
  "avg_pck_01": 99.45984880129497,
  "beak_mae_x": 0.014236110262572765,
  "beak_mae_y": 0.01838446408510208,
  "training_epochs": 32,
  "loss_function": "wing",
  "learning_rate": 5e-05,
  "weight_decay": 0.0,
  "hidden_dim": 512,
  "dropout": 0.2,
  "augmentation": "heavy"
}