{
  "model": "resnet50",
  "config_name": "wing_lr5e-05_h512_do0.2_medium_plateau",
  "mae_per_part": {
    "left_eye": {
      "x": 0.016720017418265343,
      "y": 0.0181808490306139,
      "total": 0.02470024675130844
    },
    "right_eye": {
      "x": 0.010245783254504204,
      "y": 0.01692625693976879,
      "total": 0.01978570781648159
    },
    "beak": {
      "x": 0.013764137402176857,
      "y": 0.019806694239377975,
      "total": 0.024119630455970764
    }
  },
  "pck_at_thresholds": {
    "left_eye": {
      "pck@0.05": 96.66666388511658,
      "pck@0.1": 99.76190328598022,
      "pck@0.15": 100.0,
      "pck@0.2": 100.0
    },
    "right_eye": {
      "pck@0.05": 96.9613254070282,
      "pck@0.1": 99.66850876808167,
      "pck@0.15": 99.8342514038086,
      "pck@0.2": 99.94475245475769
    },
    "beak": {
      "pck@0.05": 94.10592317581177,
      "pck@0.1": 98.54783415794373,
      "pck@0.15": 99.34509992599487,
      "pck@0.2": 99.62984323501587
    }
  },
  "vis_accuracy": 97.63453006744385,
  "avg_mae": 0.022868528341253597,
  "avg_mae_x": 0.013576646024982134,
  "avg_mae_y": 0.018304600069920223,
  "avg_pck_01": 99.32608207066853,
  "beak_mae_x": 0.013764137402176857,
  "beak_mae_y": 0.019806694239377975,
  "training_epochs": 27,
  "loss_function": "wing",
  "learning_rate": 5e-05,
  "weight_decay": 0.0,
  "hidden_dim": 512,
  "dropout": 0.2,
  "augmentation": "medium"
}