{
  "model": "superanimal_bird",
  "config_name": "wing_lr5e-05_h512_do0.2_medium_plateau",
  "avg_mae": 0.027926457424958546,
  "avg_mae_x": 0.020049912855029106,
  "avg_mae_y": 0.01933700405061245,
  "avg_pck_01": 97.69137303034465,
  "beak_mae_x": 0.02357192523777485,
  "beak_mae_y": 0.020011883229017258,
  "vis_accuracy": 97.51201868057251,
  "training_epochs": 15,
  "loss_function": "wing",
  "learning_rate": 5e-05,
  "weight_decay": 0.0,
  "hidden_dim": 512,
  "dropout": 0.2,
  "augmentation": "medium"
}